CREATE DATABASE  IF NOT EXISTS `iot_reto` /*!40100 DEFAULT CHARACTER SET utf8mb4 COLLATE utf8mb4_0900_ai_ci */ /*!80016 DEFAULT ENCRYPTION='N' */;
USE `iot_reto`;
-- MySQL dump 10.13  Distrib 8.0.21, for Win64 (x86_64)
--
-- Host: localhost    Database: iot_reto
-- ------------------------------------------------------
-- Server version	8.0.21

/*!40101 SET @OLD_CHARACTER_SET_CLIENT=@@CHARACTER_SET_CLIENT */;
/*!40101 SET @OLD_CHARACTER_SET_RESULTS=@@CHARACTER_SET_RESULTS */;
/*!40101 SET @OLD_COLLATION_CONNECTION=@@COLLATION_CONNECTION */;
/*!50503 SET NAMES utf8 */;
/*!40103 SET @OLD_TIME_ZONE=@@TIME_ZONE */;
/*!40103 SET TIME_ZONE='+00:00' */;
/*!40014 SET @OLD_UNIQUE_CHECKS=@@UNIQUE_CHECKS, UNIQUE_CHECKS=0 */;
/*!40014 SET @OLD_FOREIGN_KEY_CHECKS=@@FOREIGN_KEY_CHECKS, FOREIGN_KEY_CHECKS=0 */;
/*!40101 SET @OLD_SQL_MODE=@@SQL_MODE, SQL_MODE='NO_AUTO_VALUE_ON_ZERO' */;
/*!40111 SET @OLD_SQL_NOTES=@@SQL_NOTES, SQL_NOTES=0 */;

--
-- Table structure for table `expedientes`
--

DROP TABLE IF EXISTS `expedientes`;
/*!40101 SET @saved_cs_client     = @@character_set_client */;
/*!50503 SET character_set_client = utf8mb4 */;
CREATE TABLE `expedientes` (
  `id_expediente` int NOT NULL,
  `fecha` date DEFAULT NULL,
  PRIMARY KEY (`id_expediente`)
) ENGINE=InnoDB DEFAULT CHARSET=utf8mb4 COLLATE=utf8mb4_0900_ai_ci;
/*!40101 SET character_set_client = @saved_cs_client */;

--
-- Dumping data for table `expedientes`
--

LOCK TABLES `expedientes` WRITE;
/*!40000 ALTER TABLE `expedientes` DISABLE KEYS */;
INSERT INTO `expedientes` VALUES (10,'2020-11-26'),(20,'2020-12-01'),(30,'2020-10-08'),(40,'2020-11-05'),(50,'2001-05-14');
/*!40000 ALTER TABLE `expedientes` ENABLE KEYS */;
UNLOCK TABLES;

--
-- Table structure for table `oxigenacion`
--

DROP TABLE IF EXISTS `oxigenacion`;
/*!40101 SET @saved_cs_client     = @@character_set_client */;
/*!50503 SET character_set_client = utf8mb4 */;
CREATE TABLE `oxigenacion` (
  `valor_oxigenacion` int DEFAULT NULL,
  `fecha` datetime DEFAULT NULL,
  `id_expediente` int DEFAULT NULL,
  KEY `id_expediente` (`id_expediente`),
  CONSTRAINT `oxigenacion_ibfk_1` FOREIGN KEY (`id_expediente`) REFERENCES `expedientes` (`id_expediente`)
) ENGINE=InnoDB DEFAULT CHARSET=utf8mb4 COLLATE=utf8mb4_0900_ai_ci;
/*!40101 SET character_set_client = @saved_cs_client */;

--
-- Dumping data for table `oxigenacion`
--

LOCK TABLES `oxigenacion` WRITE;
/*!40000 ALTER TABLE `oxigenacion` DISABLE KEYS */;
INSERT INTO `oxigenacion` VALUES (96,'2020-11-26 17:38:59',10),(96,'2020-11-26 17:38:59',10),(97,'2020-11-26 17:38:59',10),(100,'2020-11-26 17:38:59',10),(100,'2020-11-26 17:38:59',10),(99,'2020-11-26 17:38:59',10),(98,'2020-11-26 17:38:59',10),(100,'2020-11-26 17:38:59',10),(28,'2020-11-26 17:38:59',10),(96,'2020-11-26 17:38:59',10),(96,'2020-11-26 17:38:59',10),(100,'2020-11-26 17:38:59',10),(96,'2020-11-26 17:38:59',10),(99,'2020-11-26 17:38:59',10),(100,'2020-11-26 17:38:59',10),(98,'2020-12-01 11:46:43',20),(98,'2020-12-01 11:46:43',20),(98,'2020-12-01 11:46:43',20),(98,'2020-12-01 11:46:43',20),(98,'2020-12-01 11:46:43',20),(98,'2020-12-01 11:46:43',20),(98,'2020-12-01 11:46:43',20),(98,'2020-12-01 11:46:43',20),(98,'2020-12-01 11:46:43',20),(98,'2020-12-01 11:46:43',20),(98,'2020-12-01 11:46:43',20),(98,'2020-12-01 11:46:43',20),(98,'2020-12-01 11:46:43',20),(98,'2020-12-01 11:46:43',20),(98,'2020-12-01 11:46:43',20),(98,'2020-12-01 11:46:43',20),(98,'2020-12-01 11:46:43',20),(98,'2020-12-01 11:46:43',20),(98,'2020-12-01 11:46:43',20),(98,'2020-12-01 11:46:43',20),(98,'2020-12-01 11:46:43',20),(98,'2020-12-01 11:46:43',20),(98,'2020-12-01 11:46:43',20),(98,'2020-12-01 11:46:43',20),(98,'2020-12-01 11:46:43',20),(98,'2020-12-01 11:46:43',20),(98,'2020-12-01 11:46:43',20),(98,'2020-12-01 11:46:43',20),(98,'2020-12-01 11:46:43',20),(98,'2020-12-01 11:46:43',20),(100,'2020-12-01 11:46:43',20),(100,'2020-12-01 11:46:43',20),(100,'2020-12-01 11:46:43',20),(100,'2020-12-01 11:46:43',20),(100,'2020-12-01 11:46:43',20),(100,'2020-12-01 11:46:43',20),(100,'2020-12-01 11:46:43',20),(100,'2020-12-01 11:46:43',20),(100,'2020-12-01 11:46:43',20),(100,'2020-12-01 11:46:43',20),(95,'2020-12-01 11:46:43',20),(95,'2020-12-01 11:46:43',20),(95,'2020-12-01 11:46:43',20),(95,'2020-12-01 11:46:43',20),(95,'2020-12-01 11:46:43',20),(95,'2020-12-01 11:46:43',20),(95,'2020-12-01 11:46:43',20),(95,'2020-12-01 11:46:43',20),(95,'2020-12-01 11:46:43',20),(95,'2020-12-01 11:46:43',20),(99,'2020-12-01 11:46:43',20),(99,'2020-12-01 11:46:43',20),(99,'2020-12-01 11:46:43',20),(99,'2020-12-01 11:46:43',20),(99,'2020-12-01 11:46:43',20),(99,'2020-12-01 11:46:43',20),(99,'2020-12-01 11:46:43',20),(99,'2020-12-01 11:46:43',20),(99,'2020-12-01 11:46:43',20),(99,'2020-12-01 11:46:43',20),(99,'2020-12-01 11:46:43',20),(99,'2020-12-01 11:46:43',20),(99,'2020-12-01 11:46:43',20),(99,'2020-12-01 11:46:43',20),(99,'2020-12-01 11:46:43',20),(99,'2020-12-01 11:46:43',20),(99,'2020-12-01 11:46:43',20),(99,'2020-12-01 11:46:43',20),(99,'2020-12-01 11:46:43',20),(99,'2020-12-01 11:46:43',20),(99,'2020-12-01 11:46:43',20),(99,'2020-12-01 11:46:43',20),(99,'2020-12-01 11:46:43',20),(99,'2020-12-01 11:46:43',20),(99,'2020-12-01 11:46:43',20),(99,'2020-12-01 11:46:43',20),(99,'2020-12-01 11:46:43',20),(99,'2020-12-01 11:46:43',20),(99,'2020-12-01 11:46:43',20),(99,'2020-12-01 11:46:43',20),(99,'2020-12-01 11:46:43',20),(99,'2020-12-01 11:46:43',20),(99,'2020-12-01 11:46:43',20),(99,'2020-12-01 11:46:43',20),(99,'2020-12-01 11:46:43',20),(99,'2020-12-01 11:46:43',20),(99,'2020-12-01 11:46:43',20),(99,'2020-12-01 11:46:43',20),(99,'2020-12-01 11:46:43',20),(99,'2020-12-01 11:46:43',20),(99,'2020-12-01 11:46:43',20),(99,'2020-12-01 11:46:43',20),(99,'2020-12-01 11:46:43',20),(99,'2020-12-01 11:46:43',20),(99,'2020-12-01 11:46:43',20),(99,'2020-12-01 11:46:43',20),(99,'2020-12-01 11:46:43',20),(99,'2020-12-01 11:46:43',20),(99,'2020-12-01 11:46:43',20),(99,'2020-12-01 11:46:43',20),(99,'2020-12-01 11:46:43',20),(99,'2020-12-01 11:46:43',20),(99,'2020-12-01 11:46:43',20),(99,'2020-12-01 11:46:43',20),(99,'2020-12-01 11:46:43',20),(99,'2020-12-01 11:46:43',20),(99,'2020-12-01 11:46:43',20),(99,'2020-12-01 11:46:43',20),(99,'2020-12-01 11:46:43',20),(99,'2020-12-01 11:46:43',20),(99,'2020-12-01 11:46:43',20),(99,'2020-12-01 11:46:43',20),(99,'2020-12-01 11:46:43',20),(99,'2020-12-01 11:46:43',20),(99,'2020-12-01 11:46:43',20),(99,'2020-12-01 11:46:43',20),(99,'2020-12-01 11:46:43',20),(99,'2020-12-01 11:46:43',20),(99,'2020-12-01 11:46:43',20),(99,'2020-12-01 11:46:43',20),(96,'2020-12-01 11:50:14',30),(96,'2020-12-01 11:50:14',30),(96,'2020-12-01 11:50:14',30),(96,'2020-12-01 11:50:14',30),(96,'2020-12-01 11:50:14',30),(96,'2020-12-01 11:50:14',30),(96,'2020-12-01 11:50:14',30),(96,'2020-12-01 11:50:14',30),(96,'2020-12-01 11:50:14',30),(96,'2020-12-01 11:50:14',30),(73,'2020-12-01 11:50:14',30),(73,'2020-12-01 11:50:14',30),(73,'2020-12-01 11:50:14',30),(73,'2020-12-01 11:50:14',30),(73,'2020-12-01 11:50:14',30),(73,'2020-12-01 11:50:14',30),(73,'2020-12-01 11:50:14',30),(73,'2020-12-01 11:50:14',30),(73,'2020-12-01 11:50:14',30),(73,'2020-12-01 11:50:14',30),(100,'2020-12-01 11:50:14',30),(100,'2020-12-01 11:50:14',30),(100,'2020-12-01 11:50:14',30),(100,'2020-12-01 11:50:14',30),(100,'2020-12-01 11:50:14',30),(100,'2020-12-01 11:50:14',30),(100,'2020-12-01 11:50:14',30),(100,'2020-12-01 11:50:14',30),(100,'2020-12-01 11:50:14',30),(100,'2020-12-01 11:50:14',30),(100,'2020-12-01 11:50:14',30),(100,'2020-12-01 11:50:14',30),(100,'2020-12-01 11:50:14',30),(100,'2020-12-01 11:50:14',30),(100,'2020-12-01 11:50:14',30),(100,'2020-12-01 11:50:14',30),(100,'2020-12-01 11:50:14',30),(100,'2020-12-01 11:50:14',30),(100,'2020-12-01 11:50:14',30),(100,'2020-12-01 11:50:14',30),(100,'2020-12-01 11:50:14',30),(100,'2020-12-01 11:50:14',30),(100,'2020-12-01 11:50:14',30),(100,'2020-12-01 11:50:14',30),(100,'2020-12-01 11:50:14',30),(100,'2020-12-01 11:50:14',30),(100,'2020-12-01 11:50:14',30),(100,'2020-12-01 11:50:14',30),(100,'2020-12-01 11:50:14',30),(100,'2020-12-01 11:50:14',30),(99,'2020-12-01 11:50:14',30),(99,'2020-12-01 11:50:14',30),(99,'2020-12-01 11:50:14',30),(99,'2020-12-01 11:50:14',30),(99,'2020-12-01 11:50:14',30),(99,'2020-12-01 11:50:14',30),(99,'2020-12-01 11:50:14',30),(99,'2020-12-01 11:50:14',30),(99,'2020-12-01 11:50:14',30),(99,'2020-12-01 11:50:14',30),(98,'2020-12-01 11:50:14',30),(98,'2020-12-01 11:50:14',30),(98,'2020-12-01 11:50:14',30),(98,'2020-12-01 11:50:14',30),(98,'2020-12-01 11:50:14',30),(98,'2020-12-01 11:50:14',30),(98,'2020-12-01 11:50:14',30),(98,'2020-12-01 11:50:14',30),(98,'2020-12-01 11:50:14',30),(98,'2020-12-01 11:50:14',30),(98,'2020-12-01 11:50:14',30),(98,'2020-12-01 11:50:14',30),(98,'2020-12-01 11:50:14',30),(98,'2020-12-01 11:50:14',30),(98,'2020-12-01 11:50:14',30),(98,'2020-12-01 11:50:14',30),(98,'2020-12-01 11:50:14',30),(98,'2020-12-01 11:50:14',30),(98,'2020-12-01 11:50:14',30),(98,'2020-12-01 11:50:14',30),(99,'2020-12-01 11:50:14',30),(99,'2020-12-01 11:50:14',30),(99,'2020-12-01 11:50:14',30),(99,'2020-12-01 11:50:14',30),(99,'2020-12-01 11:50:14',30),(99,'2020-12-01 11:50:14',30),(99,'2020-12-01 11:50:14',30),(99,'2020-12-01 11:50:14',30),(99,'2020-12-01 11:50:14',30),(99,'2020-12-01 11:50:14',30),(96,'2020-12-01 11:50:14',30),(96,'2020-12-01 11:50:14',30),(96,'2020-12-01 11:50:14',30),(96,'2020-12-01 11:50:14',30),(96,'2020-12-01 11:50:14',30),(96,'2020-12-01 11:50:14',30),(96,'2020-12-01 11:50:14',30),(96,'2020-12-01 11:50:14',30),(96,'2020-12-01 11:50:14',30),(96,'2020-12-01 11:50:14',30),(98,'2020-12-01 11:50:14',30),(98,'2020-12-01 11:50:14',30),(98,'2020-12-01 11:50:14',30),(98,'2020-12-01 11:50:14',30),(98,'2020-12-01 11:50:14',30),(98,'2020-12-01 11:50:14',30),(98,'2020-12-01 11:50:14',30),(98,'2020-12-01 11:50:14',30),(98,'2020-12-01 11:50:14',30),(98,'2020-12-01 11:50:14',30),(97,'2020-12-01 11:52:13',40),(97,'2020-12-01 11:52:13',40),(97,'2020-12-01 11:52:13',40),(97,'2020-12-01 11:52:13',40),(97,'2020-12-01 11:52:13',40),(97,'2020-12-01 11:52:13',40),(97,'2020-12-01 11:52:13',40),(97,'2020-12-01 11:52:13',40),(97,'2020-12-01 11:52:13',40),(97,'2020-12-01 11:52:13',40),(97,'2020-12-01 11:52:13',40),(97,'2020-12-01 11:52:13',40),(97,'2020-12-01 11:52:13',40),(97,'2020-12-01 11:52:13',40),(97,'2020-12-01 11:52:13',40),(97,'2020-12-01 11:52:13',40),(97,'2020-12-01 11:52:13',40),(97,'2020-12-01 11:52:13',40),(97,'2020-12-01 11:52:13',40),(97,'2020-12-01 11:52:13',40),(98,'2020-12-01 11:52:13',40),(98,'2020-12-01 11:52:13',40),(98,'2020-12-01 11:52:13',40),(98,'2020-12-01 11:52:13',40),(98,'2020-12-01 11:52:13',40),(98,'2020-12-01 11:52:13',40),(98,'2020-12-01 11:52:13',40),(98,'2020-12-01 11:52:13',40),(98,'2020-12-01 11:52:13',40),(98,'2020-12-01 11:52:13',40),(97,'2020-12-01 11:52:13',40),(97,'2020-12-01 11:52:13',40),(97,'2020-12-01 11:52:13',40),(97,'2020-12-01 11:52:13',40),(97,'2020-12-01 11:52:13',40),(97,'2020-12-01 11:52:13',40),(97,'2020-12-01 11:52:13',40),(97,'2020-12-01 11:52:13',40),(97,'2020-12-01 11:52:13',40),(97,'2020-12-01 11:52:13',40),(99,'2020-12-01 11:52:13',40),(99,'2020-12-01 11:52:13',40),(99,'2020-12-01 11:52:13',40),(99,'2020-12-01 11:52:13',40),(99,'2020-12-01 11:52:13',40),(99,'2020-12-01 11:52:13',40),(99,'2020-12-01 11:52:13',40),(99,'2020-12-01 11:52:13',40),(99,'2020-12-01 11:52:13',40),(99,'2020-12-01 11:52:13',40),(100,'2020-12-01 11:52:13',40),(100,'2020-12-01 11:52:13',40),(100,'2020-12-01 11:52:13',40),(100,'2020-12-01 11:52:13',40),(100,'2020-12-01 11:52:13',40),(100,'2020-12-01 11:52:13',40),(100,'2020-12-01 11:52:13',40),(100,'2020-12-01 11:52:13',40),(100,'2020-12-01 11:52:13',40),(100,'2020-12-01 11:52:13',40),(100,'2020-12-01 11:52:13',40),(100,'2020-12-01 11:52:13',40),(100,'2020-12-01 11:52:13',40),(100,'2020-12-01 11:52:13',40),(100,'2020-12-01 11:52:13',40),(100,'2020-12-01 11:52:13',40),(100,'2020-12-01 11:52:13',40),(100,'2020-12-01 11:52:13',40),(100,'2020-12-01 11:52:13',40),(100,'2020-12-01 11:52:13',40),(97,'2020-12-01 11:52:13',40),(97,'2020-12-01 11:52:13',40),(97,'2020-12-01 11:52:13',40),(97,'2020-12-01 11:52:13',40),(97,'2020-12-01 11:52:13',40),(97,'2020-12-01 11:52:13',40),(97,'2020-12-01 11:52:13',40),(97,'2020-12-01 11:52:13',40),(97,'2020-12-01 11:52:13',40),(97,'2020-12-01 11:52:13',40),(100,'2020-12-01 11:52:13',40),(100,'2020-12-01 11:52:13',40),(100,'2020-12-01 11:52:13',40),(100,'2020-12-01 11:52:13',40),(100,'2020-12-01 11:52:13',40),(100,'2020-12-01 11:52:13',40),(100,'2020-12-01 11:52:13',40),(100,'2020-12-01 11:52:13',40),(100,'2020-12-01 11:52:13',40),(100,'2020-12-01 11:52:13',40),(100,'2020-12-01 11:52:13',40),(100,'2020-12-01 11:52:13',40),(100,'2020-12-01 11:52:13',40),(100,'2020-12-01 11:52:13',40),(100,'2020-12-01 11:52:13',40),(100,'2020-12-01 11:52:13',40),(100,'2020-12-01 11:52:13',40),(100,'2020-12-01 11:52:13',40),(100,'2020-12-01 11:52:13',40),(100,'2020-12-01 11:52:13',40),(99,'2020-12-01 11:52:13',40),(99,'2020-12-01 11:52:13',40),(99,'2020-12-01 11:52:13',40),(99,'2020-12-01 11:52:13',40),(99,'2020-12-01 11:52:13',40),(99,'2020-12-01 11:52:13',40),(99,'2020-12-01 11:52:13',40),(99,'2020-12-01 11:52:13',40),(99,'2020-12-01 11:52:13',40),(99,'2020-12-01 11:52:13',40),(91,'2020-12-01 11:52:13',40),(91,'2020-12-01 11:52:13',40),(91,'2020-12-01 11:52:13',40),(91,'2020-12-01 11:52:13',40),(91,'2020-12-01 11:52:13',40),(91,'2020-12-01 11:52:13',40),(91,'2020-12-01 11:52:13',40),(91,'2020-12-01 11:52:13',40),(91,'2020-12-01 11:52:13',40),(91,'2020-12-01 11:52:13',40),(92,'2020-12-01 11:52:13',40),(92,'2020-12-01 11:52:13',40),(92,'2020-12-01 11:52:13',40),(92,'2020-12-01 11:52:13',40),(92,'2020-12-01 11:52:13',40),(92,'2020-12-01 11:52:13',40),(92,'2020-12-01 11:52:13',40),(92,'2020-12-01 11:52:13',40),(92,'2020-12-01 11:52:13',40),(92,'2020-12-01 11:52:13',40),(90,'2020-12-01 11:52:13',40),(90,'2020-12-01 11:52:13',40),(90,'2020-12-01 11:52:13',40),(90,'2020-12-01 11:52:13',40),(90,'2020-12-01 11:52:13',40),(90,'2020-12-01 11:52:13',40),(90,'2020-12-01 11:52:13',40),(90,'2020-12-01 11:52:13',40),(90,'2020-12-01 11:52:13',40),(90,'2020-12-01 11:52:13',40),(100,'2020-12-01 18:36:58',50),(100,'2020-12-01 18:36:58',50),(100,'2020-12-01 18:36:58',50),(100,'2020-12-01 18:36:58',50),(100,'2020-12-01 18:36:58',50),(100,'2020-12-01 18:36:58',50),(100,'2020-12-01 18:36:58',50),(100,'2020-12-01 18:36:58',50),(100,'2020-12-01 18:36:58',50),(100,'2020-12-01 18:36:58',50),(99,'2020-12-01 18:36:58',50),(99,'2020-12-01 18:36:58',50),(99,'2020-12-01 18:36:58',50),(99,'2020-12-01 18:36:58',50),(99,'2020-12-01 18:36:58',50),(99,'2020-12-01 18:36:58',50),(99,'2020-12-01 18:36:58',50),(99,'2020-12-01 18:36:58',50),(99,'2020-12-01 18:36:58',50),(99,'2020-12-01 18:36:58',50),(100,'2020-12-01 18:36:58',50),(100,'2020-12-01 18:36:58',50),(100,'2020-12-01 18:36:58',50),(100,'2020-12-01 18:36:58',50),(100,'2020-12-01 18:36:58',50),(100,'2020-12-01 18:36:58',50),(100,'2020-12-01 18:36:58',50),(100,'2020-12-01 18:36:58',50),(100,'2020-12-01 18:36:58',50),(100,'2020-12-01 18:36:58',50),(100,'2020-12-01 18:36:58',50),(100,'2020-12-01 18:36:58',50),(100,'2020-12-01 18:36:58',50),(100,'2020-12-01 18:36:58',50),(100,'2020-12-01 18:36:58',50),(100,'2020-12-01 18:36:58',50),(100,'2020-12-01 18:36:58',50),(100,'2020-12-01 18:36:58',50),(100,'2020-12-01 18:36:58',50),(100,'2020-12-01 18:36:58',50),(99,'2020-12-01 18:36:58',50),(99,'2020-12-01 18:36:58',50),(99,'2020-12-01 18:36:58',50),(99,'2020-12-01 18:36:58',50),(99,'2020-12-01 18:36:58',50),(99,'2020-12-01 18:36:58',50),(99,'2020-12-01 18:36:58',50),(99,'2020-12-01 18:36:58',50),(99,'2020-12-01 18:36:58',50),(99,'2020-12-01 18:36:58',50),(100,'2020-12-01 18:36:58',50),(100,'2020-12-01 18:36:58',50),(100,'2020-12-01 18:36:58',50),(100,'2020-12-01 18:36:58',50),(100,'2020-12-01 18:36:58',50),(100,'2020-12-01 18:36:58',50),(100,'2020-12-01 18:36:58',50),(100,'2020-12-01 18:36:58',50),(100,'2020-12-01 18:36:58',50),(100,'2020-12-01 18:36:58',50),(95,'2020-12-01 18:36:58',50),(95,'2020-12-01 18:36:58',50),(95,'2020-12-01 18:36:58',50),(95,'2020-12-01 18:36:58',50),(95,'2020-12-01 18:36:58',50),(95,'2020-12-01 18:36:58',50),(95,'2020-12-01 18:36:58',50),(95,'2020-12-01 18:36:58',50),(95,'2020-12-01 18:36:58',50),(95,'2020-12-01 18:36:58',50);
/*!40000 ALTER TABLE `oxigenacion` ENABLE KEYS */;
UNLOCK TABLES;

--
-- Table structure for table `personas`
--

DROP TABLE IF EXISTS `personas`;
/*!40101 SET @saved_cs_client     = @@character_set_client */;
/*!50503 SET character_set_client = utf8mb4 */;
CREATE TABLE `personas` (
  `id_persona` int NOT NULL,
  `nombre` varchar(15) DEFAULT NULL,
  `edad` int DEFAULT NULL,
  `sexo` varchar(1) DEFAULT NULL,
  `deporte` varchar(15) DEFAULT NULL,
  `id_expediente` int DEFAULT NULL,
  PRIMARY KEY (`id_persona`),
  KEY `id_expediente` (`id_expediente`),
  CONSTRAINT `personas_ibfk_1` FOREIGN KEY (`id_expediente`) REFERENCES `expedientes` (`id_expediente`)
) ENGINE=InnoDB DEFAULT CHARSET=utf8mb4 COLLATE=utf8mb4_0900_ai_ci;
/*!40101 SET character_set_client = @saved_cs_client */;

--
-- Dumping data for table `personas`
--

LOCK TABLES `personas` WRITE;
/*!40000 ALTER TABLE `personas` DISABLE KEYS */;
INSERT INTO `personas` VALUES (10,'Fernanda',19,'F','Futbol',10),(20,'Rafael',21,'M','Rugby',20),(30,'Ricardo',30,'M','Atletismo',30),(40,'Gerardo',25,'M','natacion',40),(50,'Esmeralda',53,'F','No',50);
/*!40000 ALTER TABLE `personas` ENABLE KEYS */;
UNLOCK TABLES;

--
-- Table structure for table `pulso`
--

DROP TABLE IF EXISTS `pulso`;
/*!40101 SET @saved_cs_client     = @@character_set_client */;
/*!50503 SET character_set_client = utf8mb4 */;
CREATE TABLE `pulso` (
  `valor_pulso` int DEFAULT NULL,
  `fecha` datetime DEFAULT NULL,
  `id_expediente` int DEFAULT NULL,
  KEY `id_expediente` (`id_expediente`),
  CONSTRAINT `pulso_ibfk_1` FOREIGN KEY (`id_expediente`) REFERENCES `expedientes` (`id_expediente`)
) ENGINE=InnoDB DEFAULT CHARSET=utf8mb4 COLLATE=utf8mb4_0900_ai_ci;
/*!40101 SET character_set_client = @saved_cs_client */;

--
-- Dumping data for table `pulso`
--

LOCK TABLES `pulso` WRITE;
/*!40000 ALTER TABLE `pulso` DISABLE KEYS */;
INSERT INTO `pulso` VALUES (99,'2020-12-01 12:58:02',10),(99,'2020-12-01 12:58:02',10),(99,'2020-12-01 12:58:02',10),(99,'2020-12-01 12:58:02',10),(99,'2020-12-01 12:58:02',10),(99,'2020-12-01 12:58:02',10),(99,'2020-12-01 12:58:02',10),(99,'2020-12-01 12:58:02',10),(99,'2020-12-01 12:58:02',10),(99,'2020-12-01 12:58:02',10),(99,'2020-12-01 12:58:02',10),(99,'2020-12-01 12:58:02',10),(99,'2020-12-01 12:58:02',10),(99,'2020-12-01 12:58:02',10),(99,'2020-12-01 12:58:02',10),(99,'2020-12-01 12:58:02',10),(99,'2020-12-01 12:58:02',10),(99,'2020-12-01 12:58:02',10),(99,'2020-12-01 12:58:02',10),(99,'2020-12-01 12:58:02',10),(84,'2020-12-01 12:58:02',10),(84,'2020-12-01 12:58:02',10),(84,'2020-12-01 12:58:02',10),(84,'2020-12-01 12:58:02',10),(84,'2020-12-01 12:58:02',10),(84,'2020-12-01 12:58:02',10),(84,'2020-12-01 12:58:02',10),(84,'2020-12-01 12:58:02',10),(84,'2020-12-01 12:58:02',10),(84,'2020-12-01 12:58:02',10),(99,'2020-12-01 12:58:02',10),(99,'2020-12-01 12:58:02',10),(99,'2020-12-01 12:58:02',10),(99,'2020-12-01 12:58:02',10),(99,'2020-12-01 12:58:02',10),(99,'2020-12-01 12:58:02',10),(99,'2020-12-01 12:58:02',10),(99,'2020-12-01 12:58:02',10),(99,'2020-12-01 12:58:02',10),(99,'2020-12-01 12:58:02',10),(100,'2020-12-01 12:58:02',10),(100,'2020-12-01 12:58:02',10),(100,'2020-12-01 12:58:02',10),(100,'2020-12-01 12:58:02',10),(100,'2020-12-01 12:58:02',10),(100,'2020-12-01 12:58:02',10),(100,'2020-12-01 12:58:02',10),(100,'2020-12-01 12:58:02',10),(100,'2020-12-01 12:58:02',10),(100,'2020-12-01 12:58:02',10),(87,'2020-12-01 12:58:02',10),(87,'2020-12-01 12:58:02',10),(87,'2020-12-01 12:58:02',10),(87,'2020-12-01 12:58:02',10),(87,'2020-12-01 12:58:02',10),(87,'2020-12-01 12:58:02',10),(87,'2020-12-01 12:58:02',10),(87,'2020-12-01 12:58:02',10),(87,'2020-12-01 12:58:02',10),(87,'2020-12-01 12:58:02',10),(82,'2020-12-01 12:58:02',10),(82,'2020-12-01 12:58:02',10),(82,'2020-12-01 12:58:02',10),(82,'2020-12-01 12:58:02',10),(82,'2020-12-01 12:58:02',10),(82,'2020-12-01 12:58:02',10),(82,'2020-12-01 12:58:02',10),(82,'2020-12-01 12:58:02',10),(82,'2020-12-01 12:58:02',10),(82,'2020-12-01 12:58:02',10),(24,'2020-12-01 12:58:02',10),(24,'2020-12-01 12:58:02',10),(24,'2020-12-01 12:58:02',10),(24,'2020-12-01 12:58:02',10),(24,'2020-12-01 12:58:02',10),(24,'2020-12-01 12:58:02',10),(24,'2020-12-01 12:58:02',10),(24,'2020-12-01 12:58:02',10),(24,'2020-12-01 12:58:02',10),(24,'2020-12-01 12:58:02',10),(95,'2020-12-01 12:58:02',10),(95,'2020-12-01 12:58:02',10),(95,'2020-12-01 12:58:02',10),(95,'2020-12-01 12:58:02',10),(95,'2020-12-01 12:58:02',10),(95,'2020-12-01 12:58:02',10),(95,'2020-12-01 12:58:02',10),(95,'2020-12-01 12:58:02',10),(95,'2020-12-01 12:58:02',10),(95,'2020-12-01 12:58:02',10),(71,'2020-12-01 12:58:02',10),(71,'2020-12-01 12:58:02',10),(71,'2020-12-01 12:58:02',10),(71,'2020-12-01 12:58:02',10),(71,'2020-12-01 12:58:02',10),(71,'2020-12-01 12:58:02',10),(71,'2020-12-01 12:58:02',10),(71,'2020-12-01 12:58:02',10),(71,'2020-12-01 12:58:02',10),(71,'2020-12-01 12:58:02',10),(29,'2020-12-01 12:58:02',10),(29,'2020-12-01 12:58:02',10),(29,'2020-12-01 12:58:02',10),(29,'2020-12-01 12:58:02',10),(29,'2020-12-01 12:58:02',10),(29,'2020-12-01 12:58:02',10),(29,'2020-12-01 12:58:02',10),(29,'2020-12-01 12:58:02',10),(29,'2020-12-01 12:58:02',10),(29,'2020-12-01 12:58:02',10),(79,'2020-12-01 12:58:02',10),(79,'2020-12-01 12:58:02',10),(79,'2020-12-01 12:58:02',10),(79,'2020-12-01 12:58:02',10),(79,'2020-12-01 12:58:02',10),(79,'2020-12-01 12:58:02',10),(79,'2020-12-01 12:58:02',10),(79,'2020-12-01 12:58:02',10),(79,'2020-12-01 12:58:02',10),(79,'2020-12-01 12:58:02',10),(96,'2020-12-01 12:59:12',20),(96,'2020-12-01 12:59:12',20),(96,'2020-12-01 12:59:12',20),(96,'2020-12-01 12:59:12',20),(96,'2020-12-01 12:59:12',20),(96,'2020-12-01 12:59:12',20),(96,'2020-12-01 12:59:12',20),(96,'2020-12-01 12:59:12',20),(96,'2020-12-01 12:59:12',20),(96,'2020-12-01 12:59:12',20),(84,'2020-12-01 12:59:12',20),(84,'2020-12-01 12:59:12',20),(84,'2020-12-01 12:59:12',20),(84,'2020-12-01 12:59:12',20),(84,'2020-12-01 12:59:12',20),(84,'2020-12-01 12:59:12',20),(84,'2020-12-01 12:59:12',20),(84,'2020-12-01 12:59:12',20),(84,'2020-12-01 12:59:12',20),(84,'2020-12-01 12:59:12',20),(89,'2020-12-01 12:59:12',20),(89,'2020-12-01 12:59:12',20),(89,'2020-12-01 12:59:12',20),(89,'2020-12-01 12:59:12',20),(89,'2020-12-01 12:59:12',20),(89,'2020-12-01 12:59:12',20),(89,'2020-12-01 12:59:12',20),(89,'2020-12-01 12:59:12',20),(89,'2020-12-01 12:59:12',20),(89,'2020-12-01 12:59:12',20),(97,'2020-12-01 12:59:12',20),(97,'2020-12-01 12:59:12',20),(97,'2020-12-01 12:59:12',20),(97,'2020-12-01 12:59:12',20),(97,'2020-12-01 12:59:12',20),(97,'2020-12-01 12:59:12',20),(97,'2020-12-01 12:59:12',20),(97,'2020-12-01 12:59:12',20),(97,'2020-12-01 12:59:12',20),(97,'2020-12-01 12:59:12',20),(93,'2020-12-01 12:59:12',20),(93,'2020-12-01 12:59:12',20),(93,'2020-12-01 12:59:12',20),(93,'2020-12-01 12:59:12',20),(93,'2020-12-01 12:59:12',20),(93,'2020-12-01 12:59:12',20),(93,'2020-12-01 12:59:12',20),(93,'2020-12-01 12:59:12',20),(93,'2020-12-01 12:59:12',20),(93,'2020-12-01 12:59:12',20),(74,'2020-12-01 12:59:12',20),(74,'2020-12-01 12:59:12',20),(74,'2020-12-01 12:59:12',20),(74,'2020-12-01 12:59:12',20),(74,'2020-12-01 12:59:12',20),(74,'2020-12-01 12:59:12',20),(74,'2020-12-01 12:59:12',20),(74,'2020-12-01 12:59:12',20),(74,'2020-12-01 12:59:12',20),(74,'2020-12-01 12:59:12',20),(43,'2020-12-01 12:59:12',20),(43,'2020-12-01 12:59:12',20),(43,'2020-12-01 12:59:12',20),(43,'2020-12-01 12:59:12',20),(43,'2020-12-01 12:59:12',20),(43,'2020-12-01 12:59:12',20),(43,'2020-12-01 12:59:12',20),(43,'2020-12-01 12:59:12',20),(43,'2020-12-01 12:59:12',20),(43,'2020-12-01 12:59:12',20),(77,'2020-12-01 12:59:12',20),(77,'2020-12-01 12:59:12',20),(77,'2020-12-01 12:59:12',20),(77,'2020-12-01 12:59:12',20),(77,'2020-12-01 12:59:12',20),(77,'2020-12-01 12:59:12',20),(77,'2020-12-01 12:59:12',20),(77,'2020-12-01 12:59:12',20),(77,'2020-12-01 12:59:12',20),(77,'2020-12-01 12:59:12',20),(71,'2020-12-01 13:00:47',30),(71,'2020-12-01 13:00:47',30),(71,'2020-12-01 13:00:47',30),(71,'2020-12-01 13:00:47',30),(71,'2020-12-01 13:00:47',30),(71,'2020-12-01 13:00:47',30),(71,'2020-12-01 13:00:47',30),(71,'2020-12-01 13:00:47',30),(71,'2020-12-01 13:00:47',30),(71,'2020-12-01 13:00:47',30),(82,'2020-12-01 13:00:47',30),(82,'2020-12-01 13:00:47',30),(82,'2020-12-01 13:00:47',30),(82,'2020-12-01 13:00:47',30),(82,'2020-12-01 13:00:47',30),(82,'2020-12-01 13:00:47',30),(82,'2020-12-01 13:00:47',30),(82,'2020-12-01 13:00:47',30),(82,'2020-12-01 13:00:47',30),(82,'2020-12-01 13:00:47',30),(82,'2020-12-01 13:00:47',30),(82,'2020-12-01 13:00:47',30),(82,'2020-12-01 13:00:47',30),(82,'2020-12-01 13:00:47',30),(82,'2020-12-01 13:00:47',30),(82,'2020-12-01 13:00:47',30),(82,'2020-12-01 13:00:47',30),(82,'2020-12-01 13:00:47',30),(82,'2020-12-01 13:00:47',30),(82,'2020-12-01 13:00:47',30),(80,'2020-12-01 13:00:47',30),(80,'2020-12-01 13:00:47',30),(80,'2020-12-01 13:00:47',30),(80,'2020-12-01 13:00:47',30),(80,'2020-12-01 13:00:47',30),(80,'2020-12-01 13:00:47',30),(80,'2020-12-01 13:00:47',30),(80,'2020-12-01 13:00:47',30),(80,'2020-12-01 13:00:47',30),(80,'2020-12-01 13:00:47',30),(87,'2020-12-01 13:00:47',30),(87,'2020-12-01 13:00:47',30),(87,'2020-12-01 13:00:47',30),(87,'2020-12-01 13:00:47',30),(87,'2020-12-01 13:00:47',30),(87,'2020-12-01 13:00:47',30),(87,'2020-12-01 13:00:47',30),(87,'2020-12-01 13:00:47',30),(87,'2020-12-01 13:00:47',30),(87,'2020-12-01 13:00:47',30),(94,'2020-12-01 13:00:47',30),(94,'2020-12-01 13:00:47',30),(94,'2020-12-01 13:00:47',30),(94,'2020-12-01 13:00:47',30),(94,'2020-12-01 13:00:47',30),(94,'2020-12-01 13:00:47',30),(94,'2020-12-01 13:00:47',30),(94,'2020-12-01 13:00:47',30),(94,'2020-12-01 13:00:47',30),(94,'2020-12-01 13:00:47',30),(94,'2020-12-01 13:00:47',30),(94,'2020-12-01 13:00:47',30),(94,'2020-12-01 13:00:47',30),(94,'2020-12-01 13:00:47',30),(94,'2020-12-01 13:00:47',30),(94,'2020-12-01 13:00:47',30),(94,'2020-12-01 13:00:47',30),(94,'2020-12-01 13:00:47',30),(94,'2020-12-01 13:00:47',30),(94,'2020-12-01 13:00:47',30),(94,'2020-12-01 13:00:47',30),(94,'2020-12-01 13:00:47',30),(94,'2020-12-01 13:00:47',30),(94,'2020-12-01 13:00:47',30),(94,'2020-12-01 13:00:47',30),(94,'2020-12-01 13:00:47',30),(94,'2020-12-01 13:00:47',30),(94,'2020-12-01 13:00:47',30),(94,'2020-12-01 13:00:47',30),(94,'2020-12-01 13:00:47',30),(96,'2020-12-01 13:00:47',30),(96,'2020-12-01 13:00:47',30),(96,'2020-12-01 13:00:47',30),(96,'2020-12-01 13:00:47',30),(96,'2020-12-01 13:00:47',30),(96,'2020-12-01 13:00:47',30),(96,'2020-12-01 13:00:47',30),(96,'2020-12-01 13:00:47',30),(96,'2020-12-01 13:00:47',30),(96,'2020-12-01 13:00:47',30),(74,'2020-12-01 13:01:55',40),(74,'2020-12-01 13:01:55',40),(74,'2020-12-01 13:01:55',40),(74,'2020-12-01 13:01:55',40),(74,'2020-12-01 13:01:55',40),(74,'2020-12-01 13:01:55',40),(74,'2020-12-01 13:01:55',40),(74,'2020-12-01 13:01:55',40),(74,'2020-12-01 13:01:55',40),(74,'2020-12-01 13:01:55',40),(75,'2020-12-01 13:01:55',40),(75,'2020-12-01 13:01:55',40),(75,'2020-12-01 13:01:55',40),(75,'2020-12-01 13:01:55',40),(75,'2020-12-01 13:01:55',40),(75,'2020-12-01 13:01:55',40),(75,'2020-12-01 13:01:55',40),(75,'2020-12-01 13:01:55',40),(75,'2020-12-01 13:01:55',40),(75,'2020-12-01 13:01:55',40),(73,'2020-12-01 13:01:55',40),(73,'2020-12-01 13:01:55',40),(73,'2020-12-01 13:01:55',40),(73,'2020-12-01 13:01:55',40),(73,'2020-12-01 13:01:55',40),(73,'2020-12-01 13:01:55',40),(73,'2020-12-01 13:01:55',40),(73,'2020-12-01 13:01:55',40),(73,'2020-12-01 13:01:55',40),(73,'2020-12-01 13:01:55',40),(76,'2020-12-01 13:01:55',40),(76,'2020-12-01 13:01:55',40),(76,'2020-12-01 13:01:55',40),(76,'2020-12-01 13:01:55',40),(76,'2020-12-01 13:01:55',40),(76,'2020-12-01 13:01:55',40),(76,'2020-12-01 13:01:55',40),(76,'2020-12-01 13:01:55',40),(76,'2020-12-01 13:01:55',40),(76,'2020-12-01 13:01:55',40),(80,'2020-12-01 13:01:55',40),(80,'2020-12-01 13:01:55',40),(80,'2020-12-01 13:01:55',40),(80,'2020-12-01 13:01:55',40),(80,'2020-12-01 13:01:55',40),(80,'2020-12-01 13:01:55',40),(80,'2020-12-01 13:01:55',40),(80,'2020-12-01 13:01:55',40),(80,'2020-12-01 13:01:55',40),(80,'2020-12-01 13:01:55',40),(85,'2020-12-01 13:01:55',40),(85,'2020-12-01 13:01:55',40),(85,'2020-12-01 13:01:55',40),(85,'2020-12-01 13:01:55',40),(85,'2020-12-01 13:01:55',40),(85,'2020-12-01 13:01:55',40),(85,'2020-12-01 13:01:55',40),(85,'2020-12-01 13:01:55',40),(85,'2020-12-01 13:01:55',40),(85,'2020-12-01 13:01:55',40),(96,'2020-12-01 13:01:55',40),(96,'2020-12-01 13:01:55',40),(96,'2020-12-01 13:01:55',40),(96,'2020-12-01 13:01:55',40),(96,'2020-12-01 13:01:55',40),(96,'2020-12-01 13:01:55',40),(96,'2020-12-01 13:01:55',40),(96,'2020-12-01 13:01:55',40),(96,'2020-12-01 13:01:55',40),(96,'2020-12-01 13:01:55',40),(96,'2020-12-01 13:01:55',40),(96,'2020-12-01 13:01:55',40),(96,'2020-12-01 13:01:55',40),(96,'2020-12-01 13:01:55',40),(96,'2020-12-01 13:01:55',40),(96,'2020-12-01 13:01:55',40),(96,'2020-12-01 13:01:55',40),(96,'2020-12-01 13:01:55',40),(96,'2020-12-01 13:01:55',40),(96,'2020-12-01 13:01:55',40),(95,'2020-12-01 13:01:55',40),(95,'2020-12-01 13:01:55',40),(95,'2020-12-01 13:01:55',40),(95,'2020-12-01 13:01:55',40),(95,'2020-12-01 13:01:55',40),(95,'2020-12-01 13:01:55',40),(95,'2020-12-01 13:01:55',40),(95,'2020-12-01 13:01:55',40),(95,'2020-12-01 13:01:55',40),(95,'2020-12-01 13:01:55',40),(48,'2020-12-01 13:01:55',40),(48,'2020-12-01 13:01:55',40),(48,'2020-12-01 13:01:55',40),(48,'2020-12-01 13:01:55',40),(48,'2020-12-01 13:01:55',40),(48,'2020-12-01 13:01:55',40),(48,'2020-12-01 13:01:55',40),(48,'2020-12-01 13:01:55',40),(48,'2020-12-01 13:01:55',40),(48,'2020-12-01 13:01:55',40),(99,'2020-12-01 13:01:55',40),(99,'2020-12-01 13:01:55',40),(99,'2020-12-01 13:01:55',40),(99,'2020-12-01 13:01:55',40),(99,'2020-12-01 13:01:55',40),(99,'2020-12-01 13:01:55',40),(99,'2020-12-01 13:01:55',40),(99,'2020-12-01 13:01:55',40),(99,'2020-12-01 13:01:55',40),(99,'2020-12-01 13:01:55',40),(96,'2020-12-01 13:01:55',40),(96,'2020-12-01 13:01:55',40),(96,'2020-12-01 13:01:55',40),(96,'2020-12-01 13:01:55',40),(96,'2020-12-01 13:01:55',40),(96,'2020-12-01 13:01:55',40),(96,'2020-12-01 13:01:55',40),(96,'2020-12-01 13:01:55',40),(96,'2020-12-01 13:01:55',40),(96,'2020-12-01 13:01:55',40),(98,'2020-12-01 13:01:55',40),(98,'2020-12-01 13:01:55',40),(98,'2020-12-01 13:01:55',40),(98,'2020-12-01 13:01:55',40),(98,'2020-12-01 13:01:55',40),(98,'2020-12-01 13:01:55',40),(98,'2020-12-01 13:01:55',40),(98,'2020-12-01 13:01:55',40),(98,'2020-12-01 13:01:55',40),(98,'2020-12-01 13:01:55',40),(100,'2020-12-01 13:01:55',40),(100,'2020-12-01 13:01:55',40),(100,'2020-12-01 13:01:55',40),(100,'2020-12-01 13:01:55',40),(100,'2020-12-01 13:01:55',40),(100,'2020-12-01 13:01:55',40),(100,'2020-12-01 13:01:55',40),(100,'2020-12-01 13:01:55',40),(100,'2020-12-01 13:01:55',40),(100,'2020-12-01 13:01:55',40),(92,'2020-12-01 18:40:47',50),(92,'2020-12-01 18:40:47',50),(92,'2020-12-01 18:40:47',50),(92,'2020-12-01 18:40:47',50),(92,'2020-12-01 18:40:47',50),(92,'2020-12-01 18:40:47',50),(92,'2020-12-01 18:40:47',50),(92,'2020-12-01 18:40:47',50),(92,'2020-12-01 18:40:47',50),(92,'2020-12-01 18:40:47',50),(92,'2020-12-01 18:42:49',50),(92,'2020-12-01 18:42:49',50),(92,'2020-12-01 18:42:49',50),(92,'2020-12-01 18:42:49',50),(92,'2020-12-01 18:42:49',50),(92,'2020-12-01 18:42:49',50),(92,'2020-12-01 18:42:49',50),(92,'2020-12-01 18:42:49',50),(92,'2020-12-01 18:42:49',50),(92,'2020-12-01 18:42:49',50),(71,'2020-12-01 18:42:49',50),(71,'2020-12-01 18:42:49',50),(71,'2020-12-01 18:42:49',50),(71,'2020-12-01 18:42:49',50),(71,'2020-12-01 18:42:49',50),(71,'2020-12-01 18:42:49',50),(71,'2020-12-01 18:42:49',50),(71,'2020-12-01 18:42:49',50),(71,'2020-12-01 18:42:49',50),(71,'2020-12-01 18:42:49',50),(61,'2020-12-01 18:42:49',50),(61,'2020-12-01 18:42:49',50),(61,'2020-12-01 18:42:49',50),(61,'2020-12-01 18:42:49',50),(61,'2020-12-01 18:42:49',50),(61,'2020-12-01 18:42:49',50),(61,'2020-12-01 18:42:49',50),(61,'2020-12-01 18:42:49',50),(61,'2020-12-01 18:42:49',50),(61,'2020-12-01 18:42:49',50),(79,'2020-12-01 18:42:49',50),(79,'2020-12-01 18:42:49',50),(79,'2020-12-01 18:42:49',50),(79,'2020-12-01 18:42:49',50),(79,'2020-12-01 18:42:49',50),(79,'2020-12-01 18:42:49',50),(79,'2020-12-01 18:42:49',50),(79,'2020-12-01 18:42:49',50),(79,'2020-12-01 18:42:49',50),(79,'2020-12-01 18:42:49',50),(51,'2020-12-01 18:42:49',50),(51,'2020-12-01 18:42:49',50),(51,'2020-12-01 18:42:49',50),(51,'2020-12-01 18:42:49',50),(51,'2020-12-01 18:42:49',50),(51,'2020-12-01 18:42:49',50),(51,'2020-12-01 18:42:49',50),(51,'2020-12-01 18:42:49',50),(51,'2020-12-01 18:42:49',50),(51,'2020-12-01 18:42:49',50),(96,'2020-12-01 18:42:49',50),(96,'2020-12-01 18:42:49',50),(96,'2020-12-01 18:42:49',50),(96,'2020-12-01 18:42:49',50),(96,'2020-12-01 18:42:49',50),(96,'2020-12-01 18:42:49',50),(96,'2020-12-01 18:42:49',50),(96,'2020-12-01 18:42:49',50),(96,'2020-12-01 18:42:49',50),(96,'2020-12-01 18:42:49',50),(53,'2020-12-01 18:42:49',50),(53,'2020-12-01 18:42:49',50),(53,'2020-12-01 18:42:49',50),(53,'2020-12-01 18:42:49',50),(53,'2020-12-01 18:42:49',50),(53,'2020-12-01 18:42:49',50),(53,'2020-12-01 18:42:49',50),(53,'2020-12-01 18:42:49',50),(53,'2020-12-01 18:42:49',50),(53,'2020-12-01 18:42:49',50),(83,'2020-12-01 18:42:49',50),(83,'2020-12-01 18:42:49',50),(83,'2020-12-01 18:42:49',50),(83,'2020-12-01 18:42:49',50),(83,'2020-12-01 18:42:49',50),(83,'2020-12-01 18:42:49',50),(83,'2020-12-01 18:42:49',50),(83,'2020-12-01 18:42:49',50),(83,'2020-12-01 18:42:49',50),(83,'2020-12-01 18:42:49',50),(81,'2020-12-01 18:42:49',50),(81,'2020-12-01 18:42:49',50),(81,'2020-12-01 18:42:49',50),(81,'2020-12-01 18:42:49',50),(81,'2020-12-01 18:42:49',50),(81,'2020-12-01 18:42:49',50),(81,'2020-12-01 18:42:49',50),(81,'2020-12-01 18:42:49',50),(81,'2020-12-01 18:42:49',50),(81,'2020-12-01 18:42:49',50),(95,'2020-12-01 18:42:49',50),(95,'2020-12-01 18:42:49',50),(95,'2020-12-01 18:42:49',50),(95,'2020-12-01 18:42:49',50),(95,'2020-12-01 18:42:49',50),(95,'2020-12-01 18:42:49',50),(95,'2020-12-01 18:42:49',50),(95,'2020-12-01 18:42:49',50),(95,'2020-12-01 18:42:49',50),(95,'2020-12-01 18:42:49',50),(93,'2020-12-01 18:42:49',50),(93,'2020-12-01 18:42:49',50),(93,'2020-12-01 18:42:49',50),(93,'2020-12-01 18:42:49',50),(93,'2020-12-01 18:42:49',50),(93,'2020-12-01 18:42:49',50),(93,'2020-12-01 18:42:49',50),(93,'2020-12-01 18:42:49',50),(93,'2020-12-01 18:42:49',50),(93,'2020-12-01 18:42:49',50),(96,'2020-12-01 18:42:49',50),(96,'2020-12-01 18:42:49',50),(96,'2020-12-01 18:42:49',50),(96,'2020-12-01 18:42:49',50),(96,'2020-12-01 18:42:49',50),(96,'2020-12-01 18:42:49',50),(96,'2020-12-01 18:42:49',50),(96,'2020-12-01 18:42:49',50),(96,'2020-12-01 18:42:49',50),(96,'2020-12-01 18:42:49',50),(77,'2020-12-01 18:42:49',50),(77,'2020-12-01 18:42:49',50),(77,'2020-12-01 18:42:49',50),(77,'2020-12-01 18:42:49',50),(77,'2020-12-01 18:42:49',50),(77,'2020-12-01 18:42:49',50),(77,'2020-12-01 18:42:49',50),(77,'2020-12-01 18:42:49',50),(77,'2020-12-01 18:42:49',50),(77,'2020-12-01 18:42:49',50),(82,'2020-12-01 18:42:49',50),(82,'2020-12-01 18:42:49',50),(82,'2020-12-01 18:42:49',50),(82,'2020-12-01 18:42:49',50),(82,'2020-12-01 18:42:49',50),(82,'2020-12-01 18:42:49',50),(82,'2020-12-01 18:42:49',50),(82,'2020-12-01 18:42:49',50),(82,'2020-12-01 18:42:49',50),(82,'2020-12-01 18:42:49',50),(99,'2020-12-01 18:42:49',50),(99,'2020-12-01 18:42:49',50),(99,'2020-12-01 18:42:49',50),(99,'2020-12-01 18:42:49',50),(99,'2020-12-01 18:42:49',50),(99,'2020-12-01 18:42:49',50);
/*!40000 ALTER TABLE `pulso` ENABLE KEYS */;
UNLOCK TABLES;
/*!40103 SET TIME_ZONE=@OLD_TIME_ZONE */;

/*!40101 SET SQL_MODE=@OLD_SQL_MODE */;
/*!40014 SET FOREIGN_KEY_CHECKS=@OLD_FOREIGN_KEY_CHECKS */;
/*!40014 SET UNIQUE_CHECKS=@OLD_UNIQUE_CHECKS */;
/*!40101 SET CHARACTER_SET_CLIENT=@OLD_CHARACTER_SET_CLIENT */;
/*!40101 SET CHARACTER_SET_RESULTS=@OLD_CHARACTER_SET_RESULTS */;
/*!40101 SET COLLATION_CONNECTION=@OLD_COLLATION_CONNECTION */;
/*!40111 SET SQL_NOTES=@OLD_SQL_NOTES */;

-- Dump completed on 2020-12-01 20:54:48
